Reporter Name,Target Name,This is a report about target from reporter,2024-01-01 10:00:00
Another Reporter,Another Target,Another report text,2024-01-01 10:05:00
Some Code,Target 123,Report about a target with code,2024-01-01 10:10:00
Reporter 1,Target 1,First report
Reporter 1,Target 1,Second report for Target 1
Reporter 1,Target 1,Third report for Target 1
Reporter 1,Target 1,Fourth report for Target 1
Reporter 1,Target 1,Fifth report for Target 1
Reporter 1,Target 1,Sixth report for Target 1
Reporter 1,Target 1,Seventh report for Target 1
Reporter 1,Target 1,Eighth report for Target 1
Reporter 1,Target 1,Ninth report for Target 1
Reporter 1,Target 1,Tenth report for Target 1,This report is very long and informative, exceeding the 100 character average length for a recruit. This shows commitment to providing detailed information.